RepoName,PR Number,PR Author,Merge Commit,Merged At,Filename,Status,Added,Deleted
apache/kafka,11791,wcarlson5,d8cf47bf28af0b5eb5be8382883e6a331b788e01,2022-02-23T07:10:05Z,streams/src/main/java/org/apache/kafka/streams/processor/internals/TaskExecutor.java,modified,31,6
apache/kafka,11791,wcarlson5,d8cf47bf28af0b5eb5be8382883e6a331b788e01,2022-02-23T07:10:05Z,streams/src/main/java/org/apache/kafka/streams/processor/internals/TaskManager.java,modified,1,1
apache/kafka,11791,wcarlson5,d8cf47bf28af0b5eb5be8382883e6a331b788e01,2022-02-23T07:10:05Z,streams/src/main/java/org/apache/kafka/streams/processor/internals/Tasks.java,modified,17,0
apache/kafka,11791,wcarlson5,d8cf47bf28af0b5eb5be8382883e6a331b788e01,2022-02-23T07:10:05Z,streams/src/test/java/org/apache/kafka/streams/integration/EmitOnChangeIntegrationTest.java,modified,109,1
apache/kafka,11686,ableegoldman,9d602a01beb0a9467c43b9ee0b80ff53fdd2dbb4,2022-01-25T18:37:35Z,streams/src/main/java/org/apache/kafka/streams/KafkaStreams.java,modified,25,15
apache/kafka,11686,ableegoldman,9d602a01beb0a9467c43b9ee0b80ff53fdd2dbb4,2022-01-25T18:37:35Z,streams/src/main/java/org/apache/kafka/streams/processor/internals/ClientUtils.java,modified,5,0
apache/kafka,11686,ableegoldman,9d602a01beb0a9467c43b9ee0b80ff53fdd2dbb4,2022-01-25T18:37:35Z,streams/src/main/java/org/apache/kafka/streams/processor/internals/RepartitionTopics.java,modified,62,33
apache/kafka,11686,ableegoldman,9d602a01beb0a9467c43b9ee0b80ff53fdd2dbb4,2022-01-25T18:37:35Z,streams/src/main/java/org/apache/kafka/streams/processor/internals/StreamThread.java,modified,19,6
apache/kafka,11686,ableegoldman,9d602a01beb0a9467c43b9ee0b80ff53fdd2dbb4,2022-01-25T18:37:35Z,streams/src/main/java/org/apache/kafka/streams/processor/internals/StreamsPartitionAssignor.java,modified,8,3
apache/kafka,11686,ableegoldman,9d602a01beb0a9467c43b9ee0b80ff53fdd2dbb4,2022-01-25T18:37:35Z,streams/src/main/java/org/apache/kafka/streams/processor/internals/TopologyMetadata.java,modified,14,15
apache/kafka,11686,ableegoldman,9d602a01beb0a9467c43b9ee0b80ff53fdd2dbb4,2022-01-25T18:37:35Z,streams/src/main/java/org/apache/kafka/streams/processor/internals/assignment/ReferenceContainer.java,modified,4,0
apache/kafka,11686,ableegoldman,9d602a01beb0a9467c43b9ee0b80ff53fdd2dbb4,2022-01-25T18:37:35Z,streams/src/test/java/org/apache/kafka/streams/integration/NamedTopologyIntegrationTest.java,modified,91,3
apache/kafka,11686,ableegoldman,9d602a01beb0a9467c43b9ee0b80ff53fdd2dbb4,2022-01-25T18:37:35Z,streams/src/test/java/org/apache/kafka/streams/processor/internals/RepartitionTopicsTest.java,modified,26,3
apache/kafka,11686,ableegoldman,9d602a01beb0a9467c43b9ee0b80ff53fdd2dbb4,2022-01-25T18:37:35Z,streams/src/test/java/org/apache/kafka/streams/processor/internals/StreamThreadTest.java,modified,60,220
apache/kafka,11591,ableegoldman,1e459271d777e4721c3f7a36c5b4fbb2a5793f63,2021-12-10T22:26:27Z,streams/src/main/java/org/apache/kafka/streams/processor/internals/StreamsPartitionAssignor.java,modified,1,1
apache/kafka,11591,ableegoldman,1e459271d777e4721c3f7a36c5b4fbb2a5793f63,2021-12-10T22:26:27Z,streams/src/main/java/org/apache/kafka/streams/processor/internals/assignment/ClientState.java,modified,16,1
apache/kafka,11591,ableegoldman,1e459271d777e4721c3f7a36c5b4fbb2a5793f63,2021-12-10T22:26:27Z,streams/src/main/java/org/apache/kafka/streams/processor/internals/namedtopology/KafkaStreamsNamedTopologyWrapper.java,modified,2,2
apache/kafka,11591,ableegoldman,1e459271d777e4721c3f7a36c5b4fbb2a5793f63,2021-12-10T22:26:27Z,streams/src/test/java/org/apache/kafka/streams/processor/internals/StreamsPartitionAssignorTest.java,modified,4,4
apache/kafka,11591,ableegoldman,1e459271d777e4721c3f7a36c5b4fbb2a5793f63,2021-12-10T22:26:27Z,streams/src/test/java/org/apache/kafka/streams/processor/internals/assignment/ClientStateTest.java,modified,28,6
apache/kafka,12159,fvaleri,af71375d6d720a264cbe9c9247da374f1a9309df,2022-06-05T07:47:09Z,clients/src/test/java/org/apache/kafka/common/network/NetworkTestUtils.java,modified,12,1
apache/kafka,12159,fvaleri,af71375d6d720a264cbe9c9247da374f1a9309df,2022-06-05T07:47:09Z,clients/src/test/java/org/apache/kafka/common/network/SelectorTest.java,modified,28,38
apache/kafka,12159,fvaleri,af71375d6d720a264cbe9c9247da374f1a9309df,2022-06-05T07:47:09Z,clients/src/test/java/org/apache/kafka/common/network/SslSelectorTest.java,modified,2,5
apache/kafka,12159,fvaleri,af71375d6d720a264cbe9c9247da374f1a9309df,2022-06-05T07:47:09Z,clients/src/test/java/org/apache/kafka/common/network/Tls12SelectorTest.java,modified,1,3
apache/kafka,12159,fvaleri,af71375d6d720a264cbe9c9247da374f1a9309df,2022-06-05T07:47:09Z,clients/src/test/java/org/apache/kafka/common/network/Tls13SelectorTest.java,modified,2,3
apache/kafka,12073,jsancio,4380eae7ceb840dd93fee8ec90cd89a72bad7a3f,2022-04-21T16:05:46Z,clients/src/main/java/org/apache/kafka/common/protocol/types/TaggedFields.java,modified,7,0
apache/kafka,12073,jsancio,4380eae7ceb840dd93fee8ec90cd89a72bad7a3f,2022-04-21T16:05:46Z,metadata/src/main/java/org/apache/kafka/controller/PartitionChangeBuilder.java,modified,1,0
apache/kafka,12073,jsancio,4380eae7ceb840dd93fee8ec90cd89a72bad7a3f,2022-04-21T16:05:46Z,metadata/src/test/java/org/apache/kafka/controller/PartitionChangeBuilderTest.java,modified,17,0
apache/kafka,11981,yun-yun,481cc13a132d33f23e737f88ae28a1aac135afed,2022-04-05T07:27:32Z,clients/src/main/java/org/apache/kafka/common/requests/FetchRequest.java,modified,11,5
apache/kafka,11981,yun-yun,481cc13a132d33f23e737f88ae28a1aac135afed,2022-04-05T07:27:32Z,clients/src/main/java/org/apache/kafka/common/requests/FetchResponse.java,modified,1,1
apache/kafka,11867,ableegoldman,9c7d8577134559437c67cc2d24154023993a901f,2022-03-10T00:30:42Z,streams/src/main/java/org/apache/kafka/streams/processor/internals/StateDirectory.java,modified,3,2
apache/kafka,11867,ableegoldman,9c7d8577134559437c67cc2d24154023993a901f,2022-03-10T00:30:42Z,streams/src/main/java/org/apache/kafka/streams/processor/internals/StreamThread.java,modified,4,4
apache/kafka,11867,ableegoldman,9c7d8577134559437c67cc2d24154023993a901f,2022-03-10T00:30:42Z,streams/src/main/java/org/apache/kafka/streams/processor/internals/TopologyMetadata.java,modified,4,1
apache/kafka,11991,ddrid,f0a2b62b0e7660ca9e0f0159da636463356206c5,2022-04-05T17:03:33Z,clients/src/main/java/org/apache/kafka/clients/producer/internals/TransactionManager.java,modified,8,2
apache/kafka,11991,ddrid,f0a2b62b0e7660ca9e0f0159da636463356206c5,2022-04-05T17:03:33Z,clients/src/test/java/org/apache/kafka/clients/producer/internals/TransactionManagerTest.java,modified,62,0
apache/kafka,12207,cmccabe,0ca9cd4d2d2a89510dbe357783a316f2f0789799,2022-06-01T23:09:38Z,core/src/test/scala/integration/kafka/server/RaftClusterSnapshotTest.scala,modified,3,5
apache/kafka,12207,cmccabe,0ca9cd4d2d2a89510dbe357783a316f2f0789799,2022-06-01T23:09:38Z,metadata/src/main/java/org/apache/kafka/controller/FeatureControlManager.java,modified,71,63
apache/kafka,12207,cmccabe,0ca9cd4d2d2a89510dbe357783a316f2f0789799,2022-06-01T23:09:38Z,metadata/src/main/java/org/apache/kafka/controller/QuorumController.java,modified,5,1
apache/kafka,12207,cmccabe,0ca9cd4d2d2a89510dbe357783a316f2f0789799,2022-06-01T23:09:38Z,metadata/src/main/java/org/apache/kafka/controller/QuorumFeatures.java,modified,41,37
apache/kafka,12207,cmccabe,0ca9cd4d2d2a89510dbe357783a316f2f0789799,2022-06-01T23:09:38Z,metadata/src/main/java/org/apache/kafka/image/FeaturesDelta.java,modified,5,10
apache/kafka,12207,cmccabe,0ca9cd4d2d2a89510dbe357783a316f2f0789799,2022-06-01T23:09:38Z,metadata/src/main/java/org/apache/kafka/image/MetadataDelta.java,modified,0,8
apache/kafka,12207,cmccabe,0ca9cd4d2d2a89510dbe357783a316f2f0789799,2022-06-01T23:09:38Z,metadata/src/main/resources/common/metadata/RemoveFeatureLevelRecord.json,removed,0,26
apache/kafka,12207,cmccabe,0ca9cd4d2d2a89510dbe357783a316f2f0789799,2022-06-01T23:09:38Z,metadata/src/test/java/org/apache/kafka/controller/FeatureControlManagerTest.java,modified,77,62
apache/kafka,12207,cmccabe,0ca9cd4d2d2a89510dbe357783a316f2f0789799,2022-06-01T23:09:38Z,metadata/src/test/java/org/apache/kafka/controller/QuorumFeaturesTest.java,modified,48,60
apache/kafka,12207,cmccabe,0ca9cd4d2d2a89510dbe357783a316f2f0789799,2022-06-01T23:09:38Z,metadata/src/test/java/org/apache/kafka/image/FeaturesImageTest.java,modified,7,8
apache/kafka,11926,vvcephei,322a065b9055649c713baf43f154052d45cd1588,2022-03-24T03:09:05Z,README.md,modified,6,3
apache/kafka,11926,vvcephei,322a065b9055649c713baf43f154052d45cd1588,2022-03-24T03:09:05Z,build.gradle,modified,11,1
apache/kafka,11926,vvcephei,322a065b9055649c713baf43f154052d45cd1588,2022-03-24T03:09:05Z,streams/src/main/java/org/apache/kafka/streams/state/internals/CachingKeyValueStore.java,modified,9,4
apache/kafka,11926,vvcephei,322a065b9055649c713baf43f154052d45cd1588,2022-03-24T03:09:05Z,streams/src/main/java/org/apache/kafka/streams/state/internals/CachingSessionStore.java,modified,9,3
apache/kafka,11926,vvcephei,322a065b9055649c713baf43f154052d45cd1588,2022-03-24T03:09:05Z,streams/src/main/java/org/apache/kafka/streams/state/internals/CachingWindowStore.java,modified,9,3
apache/kafka,11926,vvcephei,322a065b9055649c713baf43f154052d45cd1588,2022-03-24T03:09:05Z,streams/src/main/java/org/apache/kafka/streams/state/internals/RocksDBStore.java,modified,1,1
apache/kafka,11926,vvcephei,322a065b9055649c713baf43f154052d45cd1588,2022-03-24T03:09:05Z,streams/src/main/java/org/apache/kafka/streams/state/internals/StoreQueryUtils.java,modified,3,1
apache/kafka,11926,vvcephei,322a065b9055649c713baf43f154052d45cd1588,2022-03-24T03:09:05Z,streams/src/test/java/org/apache/kafka/streams/integration/IQv2StoreIntegrationTest.java,modified,39,34
apache/kafka,11926,vvcephei,322a065b9055649c713baf43f154052d45cd1588,2022-03-24T03:09:05Z,streams/src/test/java/org/apache/kafka/streams/state/internals/CachingInMemoryKeyValueStoreTest.java,modified,33,6
apache/kafka,11926,vvcephei,322a065b9055649c713baf43f154052d45cd1588,2022-03-24T03:09:05Z,streams/src/test/java/org/apache/kafka/streams/state/internals/CachingInMemorySessionStoreTest.java,modified,43,0
apache/kafka,11926,vvcephei,322a065b9055649c713baf43f154052d45cd1588,2022-03-24T03:09:05Z,streams/src/test/java/org/apache/kafka/streams/state/internals/CachingPersistentSessionStoreTest.java,modified,44,1
apache/kafka,11926,vvcephei,322a065b9055649c713baf43f154052d45cd1588,2022-03-24T03:09:05Z,streams/src/test/java/org/apache/kafka/streams/state/internals/CachingPersistentWindowStoreTest.java,modified,43,0
apache/kafka,11847,ableegoldman,539f006e65d9060cd46a4052d1b70f2312d8ca34,2022-03-07T19:09:18Z,streams/src/main/java/org/apache/kafka/streams/processor/internals/InternalTopologyBuilder.java,modified,14,7
apache/kafka,11847,ableegoldman,539f006e65d9060cd46a4052d1b70f2312d8ca34,2022-03-07T19:09:18Z,streams/src/main/java/org/apache/kafka/streams/processor/internals/StreamThread.java,modified,25,18
apache/kafka,11847,ableegoldman,539f006e65d9060cd46a4052d1b70f2312d8ca34,2022-03-07T19:09:18Z,streams/src/main/java/org/apache/kafka/streams/processor/internals/TopologyMetadata.java,modified,11,4
apache/kafka,11847,ableegoldman,539f006e65d9060cd46a4052d1b70f2312d8ca34,2022-03-07T19:09:18Z,streams/src/test/java/org/apache/kafka/streams/integration/NamedTopologyIntegrationTest.java,modified,12,3
apache/kafka,11847,ableegoldman,539f006e65d9060cd46a4052d1b70f2312d8ca34,2022-03-07T19:09:18Z,streams/src/test/java/org/apache/kafka/streams/kstream/internals/InternalStreamsBuilderTest.java,modified,2,0
apache/kafka,11847,ableegoldman,539f006e65d9060cd46a4052d1b70f2312d8ca34,2022-03-07T19:09:18Z,streams/src/test/java/org/apache/kafka/streams/processor/internals/InternalTopologyBuilderTest.java,modified,6,6
apache/kafka,11847,ableegoldman,539f006e65d9060cd46a4052d1b70f2312d8ca34,2022-03-07T19:09:18Z,streams/src/test/java/org/apache/kafka/streams/processor/internals/StreamThreadTest.java,modified,1,0
